{
    "skeleton": [
        {
            "name": "Bone001",
            "parent": "Bone001",
            "initpos": [
                0.0,
                0.0,
                -0.0
            ],
            "initquaternion": [
                -0.0038851029239594938,
                0.7070961594581604,
                -0.0038849872071295978,
                0.7070960402488709
            ],
            "initscale": [
                0.38677293062210085,
                0.38677293062210085,
                0.3867729604244232
            ],
            "offmtx": [
                [
                    -1.6291085103148362e-7,
                    -0.010988444089889527,
                    -0.9999396204948425,
                    1.4901161193847657e-8
                ],
                [
                    -1.6471093999825826e-7,
                    0.9999396204948425,
                    -0.010988444089889527,
                    0.0
                ],
                [
                    1.0,
                    1.6291085103148362e-7,
                    -1.6471093999825826e-7,
                    0.0
                ]
            ]
        }
    ],
    "boundingbox": [
        [
            -26.829980850219728,
            -30.26404571533203,
            -65.52242279052735
        ],
        [
            26.829980850219728,
            30.264039993286134,
            64.14085388183594
        ]
    ]
}