{
    "skeleton": [
        {
            "name": "root",
            "parent": "root",
            "initpos": [
                0.0,
                0.0,
                -0.0
            ],
            "initquaternion": [
                0.5000483989715576,
                0.49995163083076479,
                0.49995172023773196,
                0.5000483393669128
            ],
            "initscale": [
                1.0,
                1.0,
                1.0
            ],
            "offmtx": [
                [
                    1.0,
                    0.0,
                    0.0,
                    0.0
                ],
                [
                    0.0,
                    1.0,
                    0.0,
                    0.0
                ],
                [
                    0.0,
                    0.0,
                    1.0,
                    0.0
                ]
            ],
            "boundingbox": [
                [
                    0.0,
                    0.0,
                    0.0
                ],
                [
                    0.0,
                    0.0,
                    0.0
                ]
            ]
        },
        {
            "name": "zhixin",
            "parent": "root",
            "initpos": [
                0.0,
                0.0,
                -0.0
            ],
            "initquaternion": [
                -0.06104818731546402,
                0.0000023839802452130245,
                6.606735780678719e-8,
                0.9981348514556885
            ],
            "initscale": [
                1.0,
                1.0000004768371583,
                1.000000238418579
            ],
            "offmtx": [
                [
                    0.00018866579921450466,
                    1.0,
                    -1.7881393432617188e-7,
                    -4.76837158203125e-7
                ],
                [
                    -0.12176063656806946,
                    0.000023126602172851564,
                    0.9925589561462402,
                    0.000004112720489501953
                ],
                [
                    0.9925590753555298,
                    -0.00018724799156188965,
                    0.12176066637039185,
                    -0.000035371631383895877
                ]
            ],
            "boundingbox": [
                [
                    -4.978575229644775,
                    -3.569674491882324,
                    -0.9291509389877319
                ],
                [
                    16.93616485595703,
                    3.5706939697265627,
                    0.9246727824211121
                ]
            ]
        },
        {
            "name": "Bone001",
            "parent": "zhixin",
            "initpos": [
                17.576236724853517,
                -0.0038918631616979839,
                -0.003502695821225643
            ],
            "initquaternion": [
                2.38707613675615e-8,
                0.00009776541264727712,
                -0.009355229325592518,
                0.9999562501907349
            ],
            "initscale": [
                0.828802764415741,
                0.8288025856018066,
                0.8288028836250305
            ],
            "offmtx": [
                [
                    0.0027445489540696146,
                    1.206347942352295,
                    -0.02243494987487793,
                    -21.203155517578126
                ],
                [
                    -0.147011861205101,
                    0.022602200508117677,
                    1.1973562240600587,
                    -0.3920711278915405
                ],
                [
                    1.197566270828247,
                    0.000009953975677490235,
                    0.14703747630119325,
                    0.00003787502646446228
                ]
            ],
            "boundingbox": [
                [
                    -0.8130950927734375,
                    -0.9299367666244507,
                    -0.7044728994369507
                ],
                [
                    0.8956890106201172,
                    0.9103962182998657,
                    0.7010357975959778
                ]
            ]
        },
        {
            "name": "Bone002",
            "parent": "zhixin",
            "initpos": [
                11.988266944885254,
                -0.003397245891392231,
                -0.00008039639214985073
            ],
            "initquaternion": [
                2.3838816787247198e-7,
                9.519559398540878e-7,
                -0.00009654560562921688,
                1.0
            ],
            "initscale": [
                0.9365708231925964,
                0.936570942401886,
                0.936570942401886
            ],
            "offmtx": [
                [
                    0.00022455089492723346,
                    1.0677247047424317,
                    -0.00020503997802734375,
                    -12.800169944763184
                ],
                [
                    -0.13018861413002015,
                    0.00023090839385986328,
                    1.0597574710845948,
                    0.0011602938175201417
                ],
                [
                    1.0597577095031739,
                    -0.00019787251949310303,
                    0.13018865883350373,
                    0.000023778527975082399
                ]
            ],
            "boundingbox": [
                [
                    -1.2823810577392579,
                    -1.3857735395431519,
                    -1.0620238780975342
                ],
                [
                    1.290060043334961,
                    1.3888484239578248,
                    1.0567384958267213
                ]
            ]
        },
        {
            "name": "Bone005",
            "parent": "zhixin",
            "initpos": [
                7.740301609039307,
                -0.002472418360412121,
                -0.0001545655250083655
            ],
            "initquaternion": [
                0.017452625557780267,
                -2.5896133593050765e-7,
                -0.00009681152732810006,
                0.9998477101325989
            ],
            "initscale": [
                1.0,
                1.0000001192092896,
                1.0
            ],
            "offmtx": [
                [
                    0.00020941988623235375,
                    1.0,
                    -0.0001926422119140625,
                    -7.740300178527832
                ],
                [
                    -0.08707202225923538,
                    0.00021016597747802734,
                    0.9962013959884644,
                    0.0009810030460357667
                ],
                [
                    0.9962018132209778,
                    -0.00019184499979019165,
                    0.08707209676504135,
                    0.00006279349327087402
                ]
            ],
            "boundingbox": [
                [
                    0.0,
                    -3.9841673374176027,
                    -2.174546241760254
                ],
                [
                    1.887650489807129,
                    3.9862067699432375,
                    2.1709446907043459
                ]
            ]
        }
    ],
    "boundingbox": [
        [
            -2.383152723312378,
            -4.978481769561768,
            -3.958524703979492
        ],
        [
            2.3831541538238527,
            18.317413330078126,
            3.954853057861328
        ]
    ]
}