{
    "skeleton": [
        {
            "name": "root",
            "parent": "root",
            "initpos": [
                0.0,
                0.0,
                -0.0
            ],
            "initquaternion": [
                0.7071067690849304,
                0.0,
                0.0,
                0.7071067690849304
            ],
            "initscale": [
                1.0,
                1.0,
                1.0
            ],
            "offmtx": [
                [
                    1.0,
                    0.0,
                    1.4901161193847657e-8,
                    0.0
                ],
                [
                    -1.4901161193847657e-8,
                    0.0,
                    1.0,
                    0.0
                ],
                [
                    -9.124330077954888e-25,
                    -1.0,
                    0.0,
                    0.0
                ]
            ],
            "boundingbox": [
                [
                    -0.5000017285346985,
                    -4.241240978240967,
                    -19.113670349121095
                ],
                [
                    0.5000009536743164,
                    5.658254146575928,
                    4.9279608726501469
                ]
            ]
        }
    ],
    "boundingbox": [
        [
            -0.5000016689300537,
            -4.927960395812988,
            -4.241240501403809
        ],
        [
            0.5000009536743164,
            19.11366844177246,
            5.6582536697387699
        ]
    ]
}