{
    "skeleton": [
        {
            "name": "root",
            "parent": "root",
            "initpos": [
                0.0,
                0.0,
                -0.0
            ],
            "initquaternion": [
                0.7071067690849304,
                0.0,
                0.0,
                0.7071067690849304
            ],
            "initscale": [
                1.0,
                1.0,
                1.0
            ],
            "offmtx": [
                [
                    1.0,
                    0.0,
                    1.73225998878479e-7,
                    0.0
                ],
                [
                    -1.73225998878479e-7,
                    0.0,
                    1.0,
                    0.0
                ],
                [
                    -1.0607033986793493e-23,
                    -1.0,
                    0.0,
                    0.0
                ]
            ],
            "boundingbox": [
                [
                    -0.5000017285346985,
                    -5.656854629516602,
                    -17.68700408935547
                ],
                [
                    0.5000020861625671,
                    5.656854629516602,
                    4.9506940841674809
                ]
            ]
        }
    ],
    "boundingbox": [
        [
            -0.5000013709068298,
            -4.950693607330322,
            -5.656854152679443
        ],
        [
            0.5000013709068298,
            17.687002182006837,
            5.656854152679443
        ]
    ]
}