{
    "animation": {
        "name": "Take 001",
        "ID": "UANI",
        "length": 3.3333334922790529,
        "trackSize": 3,
        "tracks": [
            {
                "bone": "Bone001",
                "chanelMask": 1,
                "keyFramesSize": 3,
                "keyframes": [
                    {
                        "time": 0.0,
                        "pos": [
                            17.57624053955078,
                            -0.00389186292886734,
                            -0.003502696054056287
                        ],
                        "quaternion": [
                            0.0,
                            0.0,
                            0.0,
                            1.0
                        ],
                        "scale": [
                            1.0,
                            1.0,
                            1.0
                        ]
                    },
                    {
                        "time": 1.6666667461395264,
                        "pos": [
                            17.054649353027345,
                            0.0058686439879238609,
                            -0.003400698071345687
                        ],
                        "quaternion": [
                            0.0,
                            0.0,
                            0.0,
                            1.0
                        ],
                        "scale": [
                            1.0,
                            1.0,
                            1.0
                        ]
                    },
                    {
                        "time": 3.3333334922790529,
                        "pos": [
                            17.57624053955078,
                            -0.00389186292886734,
                            -0.003502696054056287
                        ],
                        "quaternion": [
                            0.0,
                            0.0,
                            0.0,
                            1.0
                        ],
                        "scale": [
                            1.0,
                            1.0,
                            1.0
                        ]
                    }
                ]
            },
            {
                "bone": "Bone002",
                "chanelMask": 2,
                "keyFramesSize": 3,
                "keyframes": [
                    {
                        "time": 0.0,
                        "pos": [
                            0.0,
                            0.0,
                            0.0
                        ],
                        "quaternion": [
                            2.3851069386182646e-7,
                            9.536511242913548e-7,
                            -0.00009655956091592088,
                            1.0
                        ],
                        "scale": [
                            1.0,
                            1.0,
                            1.0
                        ]
                    },
                    {
                        "time": 1.6666667461395264,
                        "pos": [
                            0.0,
                            0.0,
                            0.0
                        ],
                        "quaternion": [
                            -1.0,
                            0.00009655956091592088,
                            9.536782954455703e-7,
                            -4.361930194818342e-8
                        ],
                        "scale": [
                            1.0,
                            1.0,
                            1.0
                        ]
                    },
                    {
                        "time": 3.3333334922790529,
                        "pos": [
                            0.0,
                            0.0,
                            0.0
                        ],
                        "quaternion": [
                            -8.733069023492135e-8,
                            9.53682501858566e-7,
                            -0.00009655956091592088,
                            1.0
                        ],
                        "scale": [
                            1.0,
                            1.0,
                            1.0
                        ]
                    }
                ]
            },
            {
                "bone": "Bone005",
                "chanelMask": 2,
                "keyFramesSize": 3,
                "keyframes": [
                    {
                        "time": 0.0,
                        "pos": [
                            0.0,
                            0.0,
                            0.0
                        ],
                        "quaternion": [
                            0.01745239458978176,
                            -2.5906297196343078e-7,
                            -0.00009680820221547037,
                            0.9998477101325989
                        ],
                        "scale": [
                            1.0,
                            1.0,
                            1.0
                        ]
                    },
                    {
                        "time": 1.6666667461395264,
                        "pos": [
                            0.0,
                            0.0,
                            0.0
                        ],
                        "quaternion": [
                            -0.9998476505279541,
                            0.00009680819493951276,
                            -2.591481518265937e-7,
                            0.0174532700330019
                        ],
                        "scale": [
                            1.0,
                            1.0,
                            1.0
                        ]
                    },
                    {
                        "time": 3.3333334922790529,
                        "pos": [
                            0.0,
                            0.0,
                            0.0
                        ],
                        "quaternion": [
                            0.01745343580842018,
                            -2.5916384061019928e-7,
                            -0.00009680820221547037,
                            0.9998476505279541
                        ],
                        "scale": [
                            1.0,
                            1.0,
                            1.0
                        ]
                    }
                ]
            }
        ]
    }
}