{
    "animation": {
        "name": "Take 001",
        "ID": "UANI",
        "length": 3.3333334922790529,
        "trackSize": 9,
        "tracks": [
            {
                "bone": "Bone001",
                "chanelMask": 1,
                "keyFramesSize": 1,
                "keyframes": [
                    {
                        "time": 0.0,
                        "pos": [
                            -9.368861952907537e-8,
                            -2.143346071243286,
                            -0.17922130227088929
                        ],
                        "quaternion": [
                            0.0,
                            0.0,
                            0.0,
                            1.0
                        ],
                        "scale": [
                            1.0,
                            1.0,
                            1.0
                        ]
                    }
                ]
            },
            {
                "bone": "Bone002",
                "chanelMask": 3,
                "keyFramesSize": 2,
                "keyframes": [
                    {
                        "time": 0.0,
                        "pos": [
                            -3.582242965698242,
                            4.781215190887451,
                            -4.768372150465439e-7
                        ],
                        "quaternion": [
                            3.9113637329002417e-10,
                            -0.7071067094802856,
                            -2.1464558130901424e-8,
                            0.7071068286895752
                        ],
                        "scale": [
                            1.0,
                            1.0,
                            1.0
                        ]
                    },
                    {
                        "time": 0.1666666716337204,
                        "pos": [
                            -4.079129219055176,
                            4.781215190887451,
                            -5.577900878961373e-7
                        ],
                        "quaternion": [
                            -0.17021067440509797,
                            -0.6863150596618652,
                            -0.17021068930625916,
                            0.6863150596618652
                        ],
                        "scale": [
                            1.0,
                            1.0,
                            1.0
                        ]
                    }
                ]
            },
            {
                "bone": "Bone003",
                "chanelMask": 3,
                "keyFramesSize": 2,
                "keyframes": [
                    {
                        "time": 0.0,
                        "pos": [
                            -3.582242965698242,
                            3.3539910316467287,
                            -2.3841860752327195e-7
                        ],
                        "quaternion": [
                            3.9113637329002417e-10,
                            -0.7071067094802856,
                            -2.1464558130901424e-8,
                            0.7071068286895752
                        ],
                        "scale": [
                            1.0,
                            1.0,
                            1.0
                        ]
                    },
                    {
                        "time": 0.1666666716337204,
                        "pos": [
                            -4.913705825805664,
                            3.353991985321045,
                            -4.5529441194958056e-7
                        ],
                        "quaternion": [
                            -0.1790735423564911,
                            -0.6840559244155884,
                            -0.17907357215881349,
                            0.6840561032295227
                        ],
                        "scale": [
                            1.0,
                            1.0,
                            1.0
                        ]
                    }
                ]
            },
            {
                "bone": "Bone004",
                "chanelMask": 3,
                "keyFramesSize": 2,
                "keyframes": [
                    {
                        "time": 0.0,
                        "pos": [
                            -3.582242965698242,
                            1.9320629835128785,
                            -2.3841860752327195e-7
                        ],
                        "quaternion": [
                            3.9113637329002417e-10,
                            -0.7071067094802856,
                            -2.1464558130901424e-8,
                            0.7071068286895752
                        ],
                        "scale": [
                            1.0,
                            1.0,
                            1.0
                        ]
                    },
                    {
                        "time": 0.1666666716337204,
                        "pos": [
                            -5.747714996337891,
                            1.9320640563964844,
                            -5.912187361900578e-7
                        ],
                        "quaternion": [
                            -0.1703174114227295,
                            -0.6862884759902954,
                            -0.1703173965215683,
                            0.686288595199585
                        ],
                        "scale": [
                            1.0,
                            1.0,
                            1.0
                        ]
                    }
                ]
            },
            {
                "bone": "Bone005",
                "chanelMask": 3,
                "keyFramesSize": 2,
                "keyframes": [
                    {
                        "time": 0.0,
                        "pos": [
                            -3.582242965698242,
                            0.5229464769363403,
                            -3.576278970740532e-7
                        ],
                        "quaternion": [
                            3.9113637329002417e-10,
                            -0.7071067094802856,
                            -2.1464558130901424e-8,
                            0.7071068286895752
                        ],
                        "scale": [
                            1.0,
                            1.0,
                            1.0
                        ]
                    },
                    {
                        "time": 0.1666666716337204,
                        "pos": [
                            -6.167539119720459,
                            0.5229474902153015,
                            -6.658191296082805e-7
                        ],
                        "quaternion": [
                            -1.685874053691805e-7,
                            -0.7071066498756409,
                            -1.6858736273661635e-7,
                            0.70710688829422
                        ],
                        "scale": [
                            1.0,
                            1.0,
                            1.0
                        ]
                    }
                ]
            },
            {
                "bone": "Bone006",
                "chanelMask": 3,
                "keyFramesSize": 2,
                "keyframes": [
                    {
                        "time": 0.0,
                        "pos": [
                            -3.5822439193725588,
                            -0.8733587265014648,
                            -4.172325134277344e-7
                        ],