{
    "animation": {
        "name": "Take 001",
        "ID": "UANI",
        "length": 3.3333334922790529,
        "trackSize": 8,
        "tracks": [
            {
                "bone": "Bone002",
                "chanelMask": 3,
                "keyFramesSize": 1,
                "keyframes": [
                    {
                        "time": 0.0,
                        "pos": [
                            -3.582242965698242,
                            4.781215190887451,
                            -4.768372150465439e-7
                        ],
                        "quaternion": [
                            3.9113637329002417e-10,
                            -0.7071067094802856,
                            -2.1464558130901424e-8,
                            0.7071068286895752
                        ],
                        "scale": [
                            1.0,
                            1.0,
                            1.0
                        ]
                    }
                ]
            },
            {
                "bone": "Bone003",
                "chanelMask": 3,
                "keyFramesSize": 1,
                "keyframes": [
                    {
                        "time": 0.0,
                        "pos": [
                            -3.582242965698242,
                            3.3539910316467287,
                            -2.3841860752327195e-7
                        ],
                        "quaternion": [
                            3.9113637329002417e-10,
                            -0.7071067094802856,
                            -2.1464558130901424e-8,
                            0.7071068286895752
                        ],
                        "scale": [
                            1.0,
                            1.0,
                            1.0
                        ]
                    }
                ]
            },
            {
                "bone": "Bone004",
                "chanelMask": 3,
                "keyFramesSize": 1,
                "keyframes": [
                    {
                        "time": 0.0,
                        "pos": [
                            -3.582242965698242,
                            1.9320629835128785,
                            -2.3841860752327195e-7
                        ],
                        "quaternion": [
                            3.9113637329002417e-10,
                            -0.7071067094802856,
                            -2.1464558130901424e-8,
                            0.7071068286895752
                        ],
                        "scale": [
                            1.0,
                            1.0,
                            1.0
                        ]
                    }
                ]
            },
            {
                "bone": "Bone005",
                "chanelMask": 2,
                "keyFramesSize": 1,
                "keyframes": [
                    {
                        "time": 0.0,
                        "pos": [
                            0.0,
                            0.0,
                            0.0
                        ],
                        "quaternion": [
                            3.9113637329002417e-10,
                            -0.7071067094802856,
                            -2.1464558130901424e-8,
                            0.7071068286895752
                        ],
                        "scale": [
                            1.0,
                            1.0,
                            1.0
                        ]
                    }
                ]
            },
            {
                "bone": "Bone006",
                "chanelMask": 2,
                "keyFramesSize": 1,
                "keyframes": [
                    {
                        "time": 0.0,
                        "pos": [
                            0.0,
                            0.0,
                            0.0
                        ],
                        "quaternion": [
                            3.9113637329002417e-10,
                            -0.7071067094802856,
                            -2.1464558130901424e-8,
                            0.7071068286895752
                        ],
                        "scale": [
                            1.0,
                            1.0,
                            1.0
                        ]
                    }
                ]
            },
            {
                "bone": "Bone007",
                "chanelMask": 2,
                "keyFramesSize": 1,
                "keyframes": [
                    {
                        "time": 0.0,
                        "pos": [
                            0.0,
                            0.0,
                            0.0
                        ],
                        "quaternion": [
                            3.9113637329002417e-10,
                            -0.7071067094802856,
                            -2.1464558130901424e-8,
                            0.7071068286895752
                        ],
                        "scale": [
                            1.0,
                            1.0,
                            1.0
                        ]
                    }
                ]
            },
            {
                "bone": "Bone008",
                "chanelMask": 3,
                "keyFramesSize": 1,
                "keyframes": [
                    {
                        "time": 0.0,
                        "pos": [
                            -3.5822439193725588,
                            -3.721351146697998,
                            -4.768372150465439e-7
                        ],
                        "quaternion": [
                            3.9113637329002417e-10,
                            -0.7071067094802856,
                            -2.1464558130901424e-8,
                            0.7071068286895752
                        ],
                        "scale": [
                            1.0,
                            1.0,
                            1.0
                        ]
                    }
                ]
            },
            {
                "bone": "Bone009",
                "chanelMask": 3,
                "keyFramesSize": 1,
                "keyframes": [
                    {
                        "time": 0.0,
                        "pos": [
                            -3.582244873046875,
                            -5.118710994720459,
                            -9.5367431640625e-7
                        ],
                        "quaternion": [
                            3.9113637329002417e-10,
                            -0.7071067094802856,
                            -2.1464558130901424e-8,
                            0.7071068286895752
                        ],
                        "scale": [
                            1.0,
                            1.0,
                            1.0
                        ]
                    }
                ]
            }
        ]
    }
}