{
    "skeleton": [
        {
            "name": "ROOT",
            "parent": "ROOT",
            "initpos": [
                0.0,
                0.0,
                -0.0
            ],
            "initquaternion": [
                0.7071067690849304,
                0.0,
                0.0,
                0.7071067690849304
            ],
            "initscale": [
                1.0,
                1.0,
                1.0
            ],
            "offmtx": [
                [
                    1.0,
                    0.0,
                    0.0,
                    0.0
                ],
                [
                    0.0,
                    1.0,
                    0.0,
                    0.0
                ],
                [
                    0.0,
                    0.0,
                    1.0,
                    0.0
                ]
            ],
            "boundingbox": [
                [
                    0.0,
                    0.0,
                    0.0
                ],
                [
                    0.0,
                    0.0,
                    0.0
                ]
            ]
        },
        {
            "name": "Bone001",
            "parent": "ROOT",
            "initpos": [
                1.9905617421045464e-7,
                -1.855406403541565,
                -1.6220481313666824e-7
            ],
            "initquaternion": [
                -0.5000000596046448,
                0.5000000596046448,
                -0.5,
                0.4999999403953552
            ],
            "initscale": [
                1.0,
                1.0,
                1.0
            ],
            "offmtx": [
                [
                    6.123233601181349e-17,
                    0.0,
                    -1.0,
                    -1.855406403541565
                ],
                [
                    -1.6292068494294654e-7,
                    1.0,
                    0.0,
                    -1.3213257426408516e-14
                ],
                [
                    1.0,
                    1.6292068494294654e-7,
                    6.1232435273487e-17,
                    8.11023923574794e-8
                ]
            ],
            "boundingbox": [
                [
                    -4.68383264541626,
                    -12.020814895629883,
                    -0.5000021457672119
                ],
                [
                    3.0943408012390138,
                    12.020814895629883,
                    0.5000020265579224
                ]
            ]
        },
        {
            "name": "Bone003",
            "parent": "Bone001",
            "initpos": [
                -3.2814245223999025,
                3.534879207611084,
                2.3841863594498138e-7
            ],
            "initquaternion": [
                -1.2644052560517594e-7,
                -0.7071067690849304,
                -1.2644053981603066e-7,
                0.7071067690849304
            ],
            "initscale": [
                1.0,
                1.0,
                1.0
            ],
            "offmtx": [
                [
                    1.0,
                    -1.862645149230957e-9,
                    0.0,
                    -5.5748994753912487e-8
                ],
                [
                    1.862645149230957e-9,
                    1.0,
                    -2.821299744937278e-7,
                    -3.534878969192505
                ],
                [
                    5.255080284433957e-16,
                    2.821299744937278e-7,
                    1.0,
                    -1.4260187149047852
                ]
            ],
            "boundingbox": [
                [
                    -0.5000002980232239,
                    -0.7064526081085205,
                    -0.7189111113548279
                ],
                [
                    0.4999998211860657,
                    0.7077610492706299,
                    0.6953022480010986
                ]
            ]
        },
        {
            "name": "Bone004",
            "parent": "Bone001",
            "initpos": [
                -3.2814242839813234,
                2.123579740524292,
                1.1368683094535245e-13
            ],
            "initquaternion": [
                -1.2644052560517594e-7,
                -0.7071067690849304,
                -1.2644053981603066e-7,
                0.7071067690849304
            ],
            "initscale": [
                1.0,
                1.0,
                1.0
            ],
            "offmtx": [
                [
                    1.0,
                    -1.862645149230957e-9,
                    0.0,
                    -5.83777435281263e-8
                ],
                [
                    1.862645149230957e-9,
                    1.0,
                    -2.821299744937278e-7,
                    -2.123579502105713
                ],
                [
                    5.255080284433957e-16,
                    2.821299744937278e-7,
                    1.0,
                    -1.4260183572769166
                ]
            ],
            "boundingbox": [
                [
                    -0.5000002980232239,
                    -0.7093664407730103,
                    -0.7189111113548279
                ],
                [
                    0.4999997615814209,
                    0.7048468589782715,
                    0.6953023672103882
                ]
            ]
        },
        {
            "name": "Bone005",
            "parent": "Bone001",
            "initpos": [
                -3.2814245223999025,
                0.7122805714607239,
                -2.9802313861182486e-7
            ],
            "initquaternion": [
                -1.2644052560517594e-7,
                -0.7071067690849304,
                -1.2644053981603066e-7,
                0.7071067690849304
            ],
            "initscale": [
                1.0,
                1.0,
                1.0
            ],
            "offmtx": [
                [
                    1.0,
                    -1.862645149230957e-9,
                    0.0,
                    -6.10064958550538e-8
                ],
                [
                    1.862645149230957e-9,
                    1.0,
                    -2.821299744937278e-7,
                    -0.7122801542282105
                ],
                [
                    5.255080284433957e-16,
                    2.821299744937278e-7,
                    1.0,
                    -1.4260181188583375
                ]
            ],
            "boundingbox": [
                [
                    -0.5000002980232239,
                    -0.7122805118560791,
                    -0.7189112305641174
                ],
                [
                    0.4999997615814209,
                    0.7019329071044922,
                    0.6953021287918091
                ]
            ]
        },
        {
            "name": "Bone006",
            "parent": "Bone001",
            "initpos": [
                -3.281424045562744,
                -0.7120224237442017,
                -5.364417461350968e-7
            ],
            "initquaternion": [
                -1.2644052560517594e-7,
                -0.7071067690849304,
                -1.2644053981603066e-7,
                0.7071067690849304
            ],
            "initscale": [
                1.0,
                1.0,
                1.0
            ],