{
    "skeleton": [
        {
            "name": "ROOT",
            "parent": "ROOT",
            "initpos": [
                0.0,
                0.0,
                -0.0
            ],
            "initquaternion": [
                0.7071067690849304,
                0.0,
                0.0,
                0.7071067690849304
            ],
            "initscale": [
                0.9999999403953552,
                0.9999999403953552,
                1.0
            ],
            "offmtx": [
                [
                    1.0,
                    0.0,
                    0.0,
                    0.0
                ],
                [
                    0.0,
                    1.0,
                    0.0,
                    0.0
                ],
                [
                    0.0,
                    0.0,
                    1.0,
                    0.0
                ]
            ],
            "boundingbox": [
                [
                    0.0,
                    0.0,
                    0.0
                ],
                [
                    0.0,
                    0.0,
                    0.0
                ]
            ]
        },
        {
            "name": "Bone001",
            "parent": "ROOT",
            "initpos": [
                0.0,
                0.0,
                -0.0
            ],
            "initquaternion": [
                -0.7071068286895752,
                0.0,
                0.0,
                0.7071067094802856
            ],
            "initscale": [
                1.0,
                1.0,
                1.0
            ],
            "offmtx": [
                [
                    2.0693637736712845e-7,
                    0.0,
                    -1.0,
                    7.105427357601002e-15
                ],
                [
                    -4.371138828673793e-8,
                    1.0,
                    -1.0658141036401503e-14,
                    0.0
                ],
                [
                    1.0,
                    4.371138828673793e-8,
                    2.0693637736712845e-7,
                    4.846324941354396e-8
                ]
            ],
            "boundingbox": [
                [
                    -9.000000953674317,
                    -2.500000476837158,
                    -2.5000009536743166
                ],
                [
                    9.0,
                    2.5,
                    2.500002145767212
                ]
            ]
        }
    ],
    "boundingbox": [
        [
            -2.5,
            -2.500000238418579,
            -8.999999046325684
        ],
        [
            2.500000238418579,
            2.5,
            8.999999046325684
        ]
    ]
}