{
    "skeleton": [
        {
            "name": "ROOT",
            "parent": "ROOT",
            "initpos": [
                0.0,
                0.0,
                -0.0
            ],
            "initquaternion": [
                0.7071067690849304,
                0.0,
                0.0,
                0.7071067690849304
            ],
            "initscale": [
                0.9999999403953552,
                0.9999999403953552,
                1.0
            ],
            "offmtx": [
                [
                    1.0,
                    0.0,
                    0.0,
                    0.0
                ],
                [
                    0.0,
                    1.0,
                    0.0,
                    0.0
                ],
                [
                    0.0,
                    0.0,
                    1.0,
                    0.0
                ]
            ],
            "boundingbox": [
                [
                    0.0,
                    0.0,
                    0.0
                ],
                [
                    0.0,
                    0.0,
                    0.0
                ]
            ]
        },
        {
            "name": "Bone001",
            "parent": "ROOT",
            "initpos": [
                0.0,
                0.0,
                -0.0
            ],
            "initquaternion": [
                -0.7071067690849304,
                4.214684778958144e-8,
                -4.2146844236867767e-8,
                0.7071067690849304
            ],
            "initscale": [
                1.0,
                1.0,
                1.0
            ],
            "offmtx": [
                [
                    1.2697063311861712e-7,
                    0.0,
                    -1.0,
                    0.0
                ],
                [
                    -4.3711370523169538e-8,
                    1.0,
                    -7.105427357601002e-15,
                    0.0
                ],
                [
                    1.0,
                    4.3711374075883216e-8,
                    1.2697063311861712e-7,
                    -6.601560187391442e-9
                ]
            ],
            "boundingbox": [
                [
                    -9.0,
                    -2.500000476837158,
                    -2.5000007152557375
                ],
                [
                    9.0,
                    2.5,
                    2.5000014305114748
                ]
            ]
        }
    ],
    "boundingbox": [
        [
            -2.5,
            -2.500000238418579,
            -8.999999046325684
        ],
        [
            2.500000238418579,
            2.5,
            8.999999046325684
        ]
    ]
}