{
    "skeleton": [
        {
            "name": "ROOT",
            "parent": "ROOT",
            "initpos": [
                0.0,
                0.0,
                -0.0
            ],
            "initquaternion": [
                0.7071067690849304,
                0.0,
                0.0,
                0.7071067690849304
            ],
            "initscale": [
                0.9999999403953552,
                0.9999999403953552,
                1.0
            ],
            "offmtx": [
                [
                    1.0,
                    0.0,
                    0.0,
                    0.0
                ],
                [
                    0.0,
                    1.0,
                    0.0,
                    0.0
                ],
                [
                    0.0,
                    0.0,
                    1.0,
                    0.0
                ]
            ],
            "boundingbox": [
                [
                    0.0,
                    0.0,
                    0.0
                ],
                [
                    0.0,
                    0.0,
                    0.0
                ]
            ]
        },
        {
            "name": "Bone001",
            "parent": "ROOT",
            "initpos": [
                -9.368861242364801e-8,
                -2.143345594406128,
                -0.1792212873697281
            ],
            "initquaternion": [
                -0.49999985098838808,
                0.5000001788139343,
                -0.49999991059303286,
                0.5000000596046448
            ],
            "initscale": [
                1.0,
                1.0,
                1.0
            ],
            "offmtx": [
                [
                    6.123233601181349e-17,
                    0.0,
                    -1.0,
                    -2.143345594406128
                ],
                [
                    -4.371138473402425e-8,
                    1.0,
                    0.0,
                    -0.1792210340499878
                ],
                [
                    1.0,
                    4.371138473402425e-8,
                    6.1232435273487e-17,
                    8.585461586108068e-8
                ]
            ],
            "boundingbox": [
                [
                    -4.264665603637695,
                    -11.492928504943848,
                    -0.5000004768371582
                ],
                [
                    3.513507604598999,
                    11.134486198425293,
                    0.5000004768371582
                ]
            ]
        },
        {
            "name": "Bone003",
            "parent": "Bone001",
            "initpos": [
                -3.582242488861084,
                3.3539910316467287,
                -2.3841856489070779e-7
            ],
            "initquaternion": [
                -1.6858737694747107e-7,
                -0.7071067690849304,
                -1.6858739115832578e-7,
                0.7071067690849304
            ],
            "initscale": [
                1.0,
                1.0,
                1.0
            ],
            "offmtx": [
                [
                    1.0,
                    8.470329472543004e-22,
                    -1.7484555314695172e-7,
                    1.8868867357468845e-7
                ],
                [
                    -7.642741013625873e-15,
                    1.0,
                    -4.371138828673793e-8,
                    -3.5332114696502687
                ],
                [
                    1.7484555314695172e-7,
                    4.371138828673793e-8,
                    1.0,
                    -1.4388980865478516
                ]
            ],
            "boundingbox": [
                [
                    -0.5000003576278687,
                    -0.7047848701477051,
                    -0.7317914366722107
                ],
                [
                    0.49999991059303286,
                    0.7094290256500244,
                    0.6824216842651367
                ]
            ]
        },
        {
            "name": "Bone004",
            "parent": "Bone001",
            "initpos": [
                -3.5822432041168215,
                1.9320632219314576,
                -2.384185791015625e-7
            ],
            "initquaternion": [
                -1.6858737694747107e-7,
                -0.7071067690849304,
                -1.6858739115832578e-7,
                0.7071067690849304
            ],
            "initscale": [
                1.0,
                1.0,
                1.0
            ],
            "offmtx": [
                [
                    1.0,
                    8.470329472543004e-22,
                    -1.7484555314695172e-7,
                    1.8868867357468845e-7
                ],
                [
                    -7.642741013625873e-15,
                    1.0,
                    -4.371138828673793e-8,
                    -2.111283779144287
                ],
                [
                    1.7484555314695172e-7,
                    4.371138828673793e-8,
                    1.0,
                    -1.4388980865478516
                ]
            ],
            "boundingbox": [
                [
                    -0.5000003576278687,
                    -0.6970703601837158,
                    -0.7317914962768555
                ],
                [
                    0.49999985098838808,
                    0.7171428203582764,
                    0.6824219226837158
                ]
            ]
        },
        {
            "name": "Bone005",
            "parent": "Bone001",
            "initpos": [
                -3.5822432041168215,
                0.5229465365409851,
                -3.576278402306343e-7
            ],
            "initquaternion": [
                -1.6858737694747107e-7,
                -0.7071067690849304,
                -1.6858739115832578e-7,
                0.7071067690849304
            ],
            "initscale": [
                1.0,
                1.0,
                1.0
            ],
            "offmtx": [
                [
                    1.0,
                    8.470329472543004e-22,
                    -1.7484555314695172e-7,
                    1.8868870199639788e-7
                ],
                [
                    -7.642741013625873e-15,
                    1.0,
                    -4.371138828673793e-8,
                    -0.7021670341491699
                ],
                [
                    1.7484555314695172e-7,
                    4.371138828673793e-8,
                    1.0,
                    -1.4388980865478516
                ]
            ],
            "boundingbox": [
                [
                    -0.5000003576278687,
                    -0.7021670341491699,
                    -0.7317914962768555
                ],
                [
                    0.49999985098838808,
                    0.7120463848114014,
                    0.6824216842651367
                ]
            ]
        },
        {
            "name": "Bone006",
            "parent": "Bone001",
            "initpos": [
                -3.5822436809539797,
                -0.8733586668968201,
                -4.172325134277344e-7
            ],
            "initquaternion": [
                -1.6858737694747107e-7,
                -0.7071067690849304,
                -1.6858739115832578e-7,
                0.7071067690849304
            ],
            "initscale": [
                1.0,
                1.0,
                1.0
            ],