{
    "skeleton": [
        {
            "name": "root",
            "parent": "root",
            "initpos": [
                0.0,
                0.0,
                -0.0
            ],
            "initquaternion": [
                0.7071067690849304,
                0.0,
                0.0,
                0.7071067690849304
            ],
            "initscale": [
                1.0,
                1.0,
                1.0
            ],
            "offmtx": [
                [
                    1.0,
                    0.0,
                    0.0,
                    0.0
                ],
                [
                    0.0,
                    1.0,
                    0.0,
                    0.0
                ],
                [
                    0.0,
                    0.0,
                    1.0,
                    0.0
                ]
            ],
            "boundingbox": [
                [
                    0.0,
                    0.0,
                    0.0
                ],
                [
                    0.0,
                    0.0,
                    0.0
                ]
            ]
        },
        {
            "name": "bone09",
            "parent": "root",
            "initpos": [
                6.499411711047287e-7,
                14.86892032623291,
                -14.989830017089844
            ],
            "initquaternion": [
                -0.5,
                0.5000000596046448,
                -0.5,
                0.4999999403953552
            ],
            "initscale": [
                1.0,
                1.0,
                1.0
            ],
            "offmtx": [
                [
                    6.123233601181349e-17,
                    0.0,
                    -1.0,
                    14.86892032623291
                ],
                [
                    -1.6292068494294654e-7,
                    1.0,
                    0.0,
                    -14.989830017089844
                ],
                [
                    1.0,
                    1.6292068494294654e-7,
                    6.1232435273487e-17,
                    -0.00000286102294921875
                ]
            ],
            "boundingbox": [
                [
                    -3.7023048400878908,
                    -5.999049663543701,
                    -9.543889999389649
                ],
                [
                    22.417831420898439,
                    7.061023712158203,
                    9.543890953063965
                ]
            ]
        },
        {
            "name": "bone05",
            "parent": "bone09",
            "initpos": [
                0.3569498062133789,
                -6.097375869750977,
                5.461606979370117
            ],
            "initquaternion": [
                -0.5000006556510925,
                0.5000007152557373,
                0.49999934434890749,
                -0.4999992847442627
            ],
            "initscale": [
                1.0,
                1.0,
                1.0
            ],
            "offmtx": [
                [
                    6.123233601181349e-17,
                    -1.0,
                    0.0,
                    8.892455101013184
                ],
                [
                    1.0,
                    6.123031769111886e-17,
                    0.0000026861771402764136,
                    -5.461647987365723
                ],
                [
                    -0.0000026861771402764136,
                    0.0,
                    1.0,
                    -14.511955261230469
                ]
            ],
            "boundingbox": [
                [
                    -0.09829473495483399,
                    -2.9500675201416017,
                    -2.972780227661133
                ],
                [
                    8.943305969238282,
                    3.0776662826538088,
                    3.0551681518554689
                ]
            ]
        },
        {
            "name": "bone08",
            "parent": "bone09",
            "initpos": [
                19.383224487304689,
                -6.138300895690918,
                5.46160888671875
            ],
            "initquaternion": [
                -0.5000006556510925,
                0.5000007152557373,
                0.49999934434890749,
                -0.4999992847442627
            ],
            "initscale": [
                1.0,
                1.0,
                1.0
            ],
            "offmtx": [
                [
                    6.123233601181349e-17,
                    -1.0,
                    0.0,
                    8.851530075073243
                ],
                [
                    1.0,
                    6.123031769111886e-17,
                    0.0000026861771402764136,
                    -5.461594581604004
                ],
                [
                    -0.0000026861771402764136,
                    0.0,
                    1.0,
                    4.5143208503723148
                ]
            ],
            "boundingbox": [
                [
                    -0.13919591903686524,
                    -2.9500598907470705,
                    -3.034062385559082
                ],
                [
                    8.902381896972657,
                    3.077672004699707,
                    2.9936721324920656
                ]
            ]
        },
        {
            "name": "bone07",
            "parent": "bone09",
            "initpos": [
                19.383228302001954,
                -6.096840858459473,
                -5.648809909820557
            ],
            "initquaternion": [
                0.5000001192092896,
                -0.5000000596046448,
                -0.49999991059303286,
                0.5
            ],
            "initscale": [
                1.0,
                1.0,
                1.0
            ],
            "offmtx": [
                [
                    6.123233601181349e-17,
                    -1.0,
                    0.0,
                    8.892988204956055
                ],
                [
                    1.0,
                    6.1232435273487e-17,
                    -8.74227694680485e-8,
                    5.648811340332031
                ],
                [
                    8.74227694680485e-8,
                    0.0,
                    1.0,
                    4.514308452606201
                ]
            ],
            "boundingbox": [
                [
                    -0.09773969650268555,
                    -2.890453577041626,
                    -3.0340545177459719
                ],
                [
                    8.943838119506836,
                    3.1372663974761965,
                    2.993666410446167
                ]
            ]
        },
        {
            "name": "bone06",
            "parent": "bone09",
            "initpos": [
                0.3569507598876953,
                -6.055913925170898,
                -5.648811340332031
            ],
            "initquaternion": [
                0.5000001192092896,
                -0.5000000596046448,
                -0.49999991059303286,
                0.5
            ],
            "initscale": [
                1.0,
                1.0,
                1.0
            ],
            "offmtx": [
                [
                    6.123233601181349e-17,
                    -1.0,
                    0.0,
                    8.933915138244629
                ],
                [
                    1.0,
                    6.1232435273487e-17,
                    -8.74227694680485e-8,
                    5.648811340332031
                ],
                [
                    8.74227694680485e-8,
                    0.0,
                    1.0,
                    -14.511968612670899
                ]
            ],