{
    "animation": {
        "name": "Take 001",
        "ID": "UANI",
        "length": 0.9000000357627869,
        "trackSize": 6,
        "tracks": [
            {
                "bone": "Bone002",
                "chanelMask": 1,
                "keyFramesSize": 1,
                "keyframes": [
                    {
                        "time": 0.0,
                        "pos": [
                            -3.281424045562744,
                            4.946178913116455,
                            -0.0
                        ],
                        "quaternion": [
                            0.0,
                            0.0,
                            0.0,
                            1.0
                        ],
                        "scale": [
                            1.0,
                            1.0,
                            1.0
                        ]
                    }
                ]
            },
            {
                "bone": "Bone003",
                "chanelMask": 1,
                "keyFramesSize": 1,
                "keyframes": [
                    {
                        "time": 0.0,
                        "pos": [
                            -3.281424045562744,
                            3.534878969192505,
                            2.3841860752327195e-7
                        ],
                        "quaternion": [
                            0.0,
                            0.0,
                            0.0,
                            1.0
                        ],
                        "scale": [
                            1.0,
                            1.0,
                            1.0
                        ]
                    }
                ]
            },
            {
                "bone": "Bone005",
                "chanelMask": 1,
                "keyFramesSize": 1,
                "keyframes": [
                    {
                        "time": 0.0,
                        "pos": [
                            -3.2814249992370607,
                            0.7122805714607239,
                            -2.980231954552437e-7
                        ],
                        "quaternion": [
                            0.0,
                            0.0,
                            0.0,
                            1.0
                        ],
                        "scale": [
                            1.0,
                            1.0,
                            1.0
                        ]
                    }
                ]
            },
            {
                "bone": "Bone007",
                "chanelMask": 1,
                "keyFramesSize": 1,
                "keyframes": [
                    {
                        "time": 0.0,
                        "pos": [
                            -3.2814249992370607,
                            -2.124742031097412,
                            -7.152556804612686e-7
                        ],
                        "quaternion": [
                            0.0,
                            0.0,
                            0.0,
                            1.0
                        ],
                        "scale": [
                            1.0,
                            1.0,
                            1.0
                        ]
                    }
                ]
            },
            {
                "bone": "Bone008",
                "chanelMask": 1,
                "keyFramesSize": 1,
                "keyframes": [
                    {
                        "time": 0.0,
                        "pos": [
                            -3.2814249992370607,
                            -3.540992021560669,
                            -9.5367431640625e-7
                        ],
                        "quaternion": [
                            0.0,
                            0.0,
                            0.0,
                            1.0
                        ],
                        "scale": [
                            1.0,
                            1.0,
                            1.0
                        ]
                    }
                ]
            },
            {
                "bone": "Bone009",
                "chanelMask": 1,
                "keyFramesSize": 1,
                "keyframes": [
                    {
                        "time": 0.0,
                        "pos": [
                            -3.2814249992370607,
                            -4.941340923309326,
                            -0.0000014305110198620242
                        ],
                        "quaternion": [
                            0.0,
                            0.0,
                            0.0,
                            1.0
                        ],
                        "scale": [
                            1.0,
                            1.0,
                            1.0
                        ]
                    }
                ]
            }
        ]
    }
}