{
    "animation": {
        "name": "Take 001",
        "ID": "UANI",
        "length": 0.5666667222976685,
        "trackSize": 8,
        "tracks": [
            {
                "bone": "Bone002",
                "chanelMask": 3,
                "keyFramesSize": 2,
                "keyframes": [
                    {
                        "time": 0.0,
                        "pos": [
                            -3.281424045562744,
                            4.946178913116455,
                            -0.0
                        ],
                        "quaternion": [
                            -1.7511733574337996e-7,
                            -0.7071066498756409,
                            -7.776372257239928e-8,
                            0.70710688829422
                        ],
                        "scale": [
                            1.0,
                            1.0,
                            1.0
                        ]
                    },
                    {
                        "time": 0.1666666716337204,
                        "pos": [
                            -3.791187047958374,
                            4.960430145263672,
                            -3.390790936919075e-7
                        ],
                        "quaternion": [
                            -0.17021086812019349,
                            -0.6863149404525757,
                            -0.17021073400974275,
                            0.6863150596618652
                        ],
                        "scale": [
                            1.0,
                            1.0,
                            1.0
                        ]
                    }
                ]
            },
            {
                "bone": "Bone003",
                "chanelMask": 3,
                "keyFramesSize": 2,
                "keyframes": [
                    {
                        "time": 0.0,
                        "pos": [
                            -3.281424045562744,
                            3.534878969192505,
                            2.3841860752327195e-7
                        ],
                        "quaternion": [
                            -1.7511733574337996e-7,
                            -0.7071066498756409,
                            -7.776372257239928e-8,
                            0.70710688829422
                        ],
                        "scale": [
                            1.0,
                            1.0,
                            1.0
                        ]
                    },
                    {
                        "time": 0.1666666716337204,
                        "pos": [
                            -4.625766754150391,
                            3.533210039138794,
                            -6.830605912000465e-7
                        ],
                        "quaternion": [
                            -0.17907331883907319,
                            -0.6840559840202332,
                            -0.17907322943210603,
                            0.6840562224388123
                        ],
                        "scale": [
                            1.0,
                            1.0,
                            1.0
                        ]
                    }
                ]
            },
            {
                "bone": "Bone004",
                "chanelMask": 3,
                "keyFramesSize": 2,
                "keyframes": [
                    {
                        "time": 0.0,
                        "pos": [
                            -3.281424045562744,
                            2.123579978942871,
                            -0.0
                        ],
                        "quaternion": [
                            -1.7511733574337996e-7,
                            -0.7071066498756409,
                            -7.776372257239928e-8,
                            0.70710688829422
                        ],
                        "scale": [
                            1.0,
                            1.0,
                            1.0
                        ]
                    },
                    {
                        "time": 0.1666666716337204,
                        "pos": [
                            -5.459776878356934,
                            2.111279010772705,
                            -0.000001054669041877787
                        ],
                        "quaternion": [
                            -0.17031754553318025,
                            -0.6862884163856506,
                            -0.17031744122505189,
                            0.6862886548042297
                        ],
                        "scale": [
                            1.0,
                            1.0,
                            1.0
                        ]
                    }
                ]
            },
            {
                "bone": "Bone005",
                "chanelMask": 1,
                "keyFramesSize": 2,
                "keyframes": [
                    {
                        "time": 0.0,
                        "pos": [
                            -3.2814249992370607,
                            0.7122805714607239,
                            -2.980231954552437e-7
                        ],
                        "quaternion": [
                            0.0,
                            0.0,
                            0.0,
                            1.0
                        ],
                        "scale": [
                            1.0,
                            1.0,
                            1.0
                        ]
                    },
                    {
                        "time": 0.1666666716337204,
                        "pos": [
                            -5.815430164337158,
                            0.7122805118560791,
                            -9.827243729887414e-7
                        ],
                        "quaternion": [
                            0.0,
                            0.0,
                            0.0,
                            1.0
                        ],
                        "scale": [
                            1.0,
                            1.0,
                            1.0
                        ]
                    }
                ]
            },
            {
                "bone": "Bone006",
                "chanelMask": 1,
                "keyFramesSize": 2,
                "keyframes": [
                    {
                        "time": 0.0,
                        "pos": [
                            -3.281424045562744,
                            -0.7120224237442017,
                            -5.364418029785156e-7
                        ],
                        "quaternion": [
                            0.0,
                            0.0,
                            0.0,
                            1.0
                        ],
                        "scale": [
                            1.0,
                            1.0,
                            1.0
                        ]
                    },
                    {
                        "time": 0.1666666716337204,
                        "pos": [
                            -5.815430164337158,
                            -0.7120224833488464,
                            -0.0000012211429520903039
                        ],
                        "quaternion": [
                            0.0,
                            0.0,
                            0.0,
                            1.0
                        ],
                        "scale": [
                            1.0,
                            1.0,
                            1.0
                        ]
                    }
                ]
            },
            {
                "bone": "Bone007",